timestamp,temperature_2m,relative_humidity_2m,apparent_temperature,precipitation,rain,surface_pressure,wind_speed_10m,wind_direction_10m,cloud_cover,weather_code
2026-01-04T00:00,24.2,87,28.4,0.0,0.0,1005.0,4.6,79,100,3
2026-01-04T01:00,24.1,83,27.8,0.0,0.0,1004.7,4.8,77,100,3
2026-01-04T02:00,24.0,83,28.1,0.0,0.0,1004.8,1.6,117,100,3
2026-01-04T03:00,23.6,84,27.5,0.0,0.0,1004.3,2.4,81,100,3
2026-01-04T04:00,23.4,83,27.2,0.0,0.0,1003.7,1.3,135,100,3
2026-01-04T05:00,23.0,85,26.5,0.0,0.0,1003.7,2.8,72,100,3
2026-01-04T06:00,22.6,86,26.0,0.0,0.0,1004.0,3.5,66,100,3
2026-01-04T07:00,22.6,85,25.8,0.0,0.0,1004.3,4.2,65,100,3
2026-01-04T08:00,23.8,81,27.0,0.0,0.0,1004.9,5.2,68,100,3
2026-01-04T09:00,24.9,78,28.5,0.0,0.0,1005.5,4.2,72,100,3
2026-01-04T10:00,26.9,73,31.1,0.0,0.0,1005.9,3.6,96,100,3
2026-01-04T11:00,29.4,62,33.3,0.0,0.0,1005.9,7.2,77,98,3
2026-01-04T12:00,30.5,53,34.0,0.0,0.0,1005.2,11.4,65,99,3
2026-01-04T13:00,31.1,51,35.1,0.0,0.0,1004.8,10.9,68,87,3
2026-01-04T14:00,31.6,50,36.3,0.0,0.0,1004.4,9.3,75,88,3
2026-01-04T15:00,31.4,51,34.3,0.0,0.0,1003.5,9.6,73,100,3
2026-01-04T16:00,30.6,54,33.0,0.0,0.0,1003.0,10.4,80,92,3
2026-01-04T17:00,30.5,54,33.3,0.1,0.1,1002.6,8.2,67,100,51
2026-01-04T18:00,29.5,60,32.9,0.0,0.0,1002.8,7.1,63,100,3
2026-01-04T19:00,28.0,68,31.9,0.0,0.0,1003.9,5.5,71,100,3
2026-01-04T20:00,27.3,73,31.4,0.0,0.0,1004.5,5.7,72,98,3
2026-01-04T21:00,26.1,77,30.1,0.0,0.0,1005.2,6.1,78,88,3
2026-01-04T22:00,25.2,81,29.3,0.0,0.0,1005.8,5.0,71,97,3
2026-01-04T23:00,24.8,82,28.8,0.0,0.0,1005.6,4.4,69,99,3
2026-01-05T00:00,24.4,83,28.3,0.0,0.0,1005.6,4.5,76,97,3
2026-01-05T01:00,24.4,82,28.6,0.0,0.0,1005.8,1.6,96,91,3
2026-01-05T02:00,24.4,83,28.6,0.0,0.0,1005.5,2.1,105,88,3
2026-01-05T03:00,24.0,85,28.1,0.0,0.0,1004.8,3.6,70,97,3
2026-01-05T04:00,23.8,85,28.1,0.0,0.0,1004.3,1.5,69,94,3
2026-01-05T05:00,23.4,87,27.5,0.0,0.0,1003.5,1.8,37,100,3
2026-01-05T06:00,23.0,88,27.0,0.0,0.0,1003.5,1.4,50,100,3
2026-01-05T07:00,22.6,89,26.7,0.0,0.0,1004.0,1.5,83,98,3
2026-01-05T08:00,23.5,88,27.8,0.0,0.0,1005.1,2.9,150,95,3
2026-01-05T09:00,25.0,83,29.8,0.0,0.0,1006.0,0.2,360,100,3
2026-01-05T10:00,26.5,77,31.4,0.0,0.0,1006.8,0.5,270,100,3
2026-01-05T11:00,29.0,64,33.8,0.0,0.0,1006.8,0.6,236,100,3
2026-01-05T12:00,30.5,57,36.0,0.0,0.0,1006.2,1.2,219,100,3
2026-01-05T13:00,30.9,55,35.5,0.0,0.0,1005.2,1.5,187,100,3
2026-01-05T14:00,32.8,49,36.7,0.0,0.0,1004.1,5.6,209,99,3
2026-01-05T15:00,32.5,49,37.2,0.0,0.0,1003.3,5.8,214,100,3
2026-01-05T16:00,31.8,52,36.1,0.1,0.1,1002.9,4.9,163,100,51
2026-01-05T17:00,30.7,56,34.1,0.6,0.6,1002.7,7.0,151,100,53
2026-01-05T18:00,29.9,60,33.6,0.2,0.2,1003.1,5.4,150,99,51
2026-01-05T19:00,28.5,73,33.7,0.0,0.0,1003.6,2.7,127,95,3
2026-01-05T20:00,27.2,82,32.8,0.0,0.0,1004.6,3.1,80,98,3
2026-01-05T21:00,26.8,86,32.7,0.0,0.0,1005.5,2.0,63,89,3
2026-01-05T22:00,26.4,88,32.2,0.0,0.0,1006.1,2.9,30,100,3
2026-01-05T23:00,25.7,92,31.6,0.0,0.0,1006.4,2.7,42,100,3
2026-01-06T00:00,25.2,93,30.9,0.0,0.0,1006.0,3.4,74,100,3
2026-01-06T01:00,24.7,92,29.8,0.0,0.0,1006.0,3.6,81,100,3
2026-01-06T02:00,24.6,92,30.1,0.0,0.0,1005.2,1.1,108,100,3
2026-01-06T03:00,24.9,91,30.4,0.0,0.0,1004.9,1.0,158,100,3
2026-01-06T04:00,24.5,91,29.6,0.0,0.0,1004.1,2.5,69,100,3
2026-01-06T05:00,24.4,91,29.5,0.0,0.0,1003.6,2.1,105,100,3
2026-01-06T06:00,24.3,89,28.9,0.0,0.0,1003.8,4.0,98,100,3
2026-01-06T07:00,24.1,90,28.9,0.0,0.0,1004.2,3.1,114,100,3
2026-01-06T08:00,24.8,87,29.6,0.0,0.0,1004.4,2.6,56,100,3
2026-01-06T09:00,25.7,85,30.9,0.0,0.0,1005.4,1.5,187,100,3
2026-01-06T10:00,27.6,74,32.7,0.0,0.0,1006.1,1.6,174,100,3
2026-01-06T11:00,29.0,67,33.9,0.0,0.0,1006.2,1.3,98,100,3
2026-01-06T12:00,29.7,64,34.2,0.0,0.0,1005.9,3.4,72,100,3
2026-01-06T13:00,31.1,57,36.1,0.0,0.0,1005.2,5.9,63,100,3
2026-01-06T14:00,31.1,51,34.5,0.0,0.0,1004.8,6.1,56,100,3
2026-01-06T15:00,31.0,53,34.0,0.0,0.0,1003.5,6.8,63,100,3
2026-01-06T16:00,30.8,56,34.2,0.0,0.0,1002.8,6.4,72,100,3
2026-01-06T17:00,30.5,57,33.9,0.0,0.0,1002.1,6.8,68,100,3
2026-01-06T18:00,29.6,63,33.3,0.0,0.0,1002.1,7.7,72,100,3
2026-01-06T19:00,27.9,70,31.6,0.0,0.0,1003.0,8.4,83,100,3
2026-01-06T20:00,27.5,77,32.6,0.0,0.0,1004.1,3.6,87,100,3
2026-01-06T21:00,26.8,78,31.3,0.0,0.0,1005.4,5.4,92,100,3
2026-01-06T22:00,26.4,79,30.7,0.0,0.0,1006.0,6.0,80,91,3
2026-01-06T23:00,25.7,84,30.4,0.0,0.0,1006.6,4.2,59,99,3
2026-01-07T00:00,25.3,86,30.0,0.0,0.0,1006.0,4.7,62,100,3
2026-01-07T01:00,25.0,88,29.9,0.2,0.2,1006.5,3.5,69,100,51
2026-01-07T02:00,25.4,88,30.4,0.0,0.0,1005.6,4.3,95,100,3
2026-01-07T03:00,25.4,88,30.5,0.0,0.0,1005.1,3.7,67,100,3
2026-01-07T04:00,25.0,89,30.2,0.0,0.0,1004.5,2.9,83,100,3
2026-01-07T05:00,24.8,89,29.8,0.0,0.0,1004.0,2.7,86,99,3
2026-01-07T06:00,24.9,87,29.8,0.0,0.0,1004.6,2.8,125,100,3
2026-01-07T07:00,24.6,87,29.7,0.5,0.5,1004.8,0.4,297,100,53
2026-01-07T08:00,25.5,86,30.6,1.9,1.9,1005.6,3.7,35,100,61
2026-01-07T09:00,26.5,84,31.8,0.1,0.1,1006.9,3.0,335,100,51
2026-01-07T10:00,27.8,76,33.0,0.1,0.1,1006.9,2.4,17,100,51
2026-01-07T11:00,29.5,70,34.9,0.0,0.0,1006.9,2.4,17,100,3
2026-01-07T12:00,30.1,67,35.0,0.0,0.0,1006.0,6.0,29,100,3
2026-01-07T13:00,29.9,65,33.7,0.5,0.5,1005.8,9.6,85,100,53
2026-01-07T14:00,30.9,62,36.2,0.2,0.2,1004.2,8.8,73,100,51
2026-01-07T15:00,30.8,60,34.3,0.3,0.3,1003.3,9.4,73,100,51
2026-01-07T16:00,29.1,68,32.7,0.8,0.8,1002.7,11.8,73,100,53
2026-01-07T17:00,29.6,65,33.6,0.0,0.0,1002.5,7.6,68,100,3
2026-01-07T18:00,29.1,65,32.4,0.0,0.0,1002.8,11.0,64,100,3
2026-01-07T19:00,27.9,72,31.8,0.0,0.0,1003.3,7.9,66,100,3
2026-01-07T20:00,27.2,72,30.6,0.0,0.0,1004.3,10.4,90,100,3
2026-01-07T21:00,26.4,77,30.3,0.0,0.0,1005.8,7.5,100,99,3
2026-01-07T22:00,26.1,78,30.0,0.0,0.0,1005.8,7.6,85,98,3
2026-01-07T23:00,25.9,79,30.2,0.0,0.0,1006.6,4.6,108,100,3
2026-01-08T00:00,26.0,79,30.8,0.0,0.0,1006.9,1.1,171,100,3
2026-01-08T01:00,25.8,78,30.1,0.0,0.0,1006.8,3.1,80,100,3
2026-01-08T02:00,26.1,74,30.4,0.0,0.0,1005.0,0.5,270,100,3
2026-01-08T03:00,25.9,75,30.2,0.0,0.0,1004.7,1.3,304,100,3
2026-01-08T04:00,25.3,79,29.5,0.0,0.0,1004.6,2.6,326,100,3
2026-01-08T05:00,24.9,83,29.7,0.0,0.0,1004.4,0.6,18,100,3
2026-01-08T06:00,24.7,84,29.1,0.0,0.0,1004.8,3.3,189,99,3
2026-01-08T07:00,24.4,86,28.3,0.0,0.0,1005.6,6.1,192,99,3
2026-01-08T08:00,25.1,84,29.6,0.0,0.0,1006.6,3.9,164,70,2
2026-01-08T09:00,26.3,81,31.1,0.0,0.0,1007.1,3.2,109,76,2
2026-01-08T10:00,28.0,71,32.3,0.0,0.0,1007.3,4.4,69,70,2
2026-01-08T11:00,29.8,62,33.7,0.0,0.0,1007.2,7.3,54,99,3
2026-01-08T12:00,30.9,57,34.9,0.0,0.0,1006.8,9.0,64,100,3
2026-01-08T13:00,31.6,55,36.3,0.0,0.0,1005.8,10.2,66,100,3
2026-01-08T14:00,32.2,53,36.9,0.0,0.0,1005.5,6.4,65,100,3
2026-01-08T15:00,32.1,52,36.4,0.0,0.0,1004.4,6.1,60,100,3
2026-01-08T16:00,29.5,63,33.9,0.2,0.2,1004.2,2.8,315,100,51
2026-01-08T17:00,29.2,63,32.7,0.0,0.0,1004.1,8.2,32,100,3
2026-01-08T18:00,28.0,68,31.3,0.0,0.0,1004.1,10.0,64,100,3
2026-01-08T19:00,27.2,72,31.3,0.0,0.0,1005.0,5.0,71,99,3
2026-01-08T20:00,26.1,80,30.7,0.0,0.0,1006.1,4.2,40,100,3
2026-01-08T21:00,25.7,83,30.5,0.3,0.3,1006.7,3.1,126,98,51
2026-01-08T22:00,25.4,84,30.2,0.0,0.0,1006.9,2.6,65,100,3
2026-01-08T23:00,25.4,84,30.4,0.0,0.0,1007.4,1.1,270,100,3
2026-01-09T00:00,25.0,86,30.2,0.0,0.0,1007.5,0.6,252,100,3
2026-01-09T01:00,24.9,88,30.1,0.0,0.0,1007.3,0.6,214,100,3
2026-01-09T02:00,24.9,88,29.9,0.0,0.0,1006.2,2.4,312,100,3
2026-01-09T03:00,24.7,89,29.9,0.1,0.1,1006.0,1.3,74,99,51
2026-01-09T04:00,24.2,90,29.2,0.0,0.0,1005.2,1.9,112,94,3
2026-01-09T05:00,24.0,90,28.5,0.0,0.0,1005.4,3.1,170,46,1
2026-01-09T06:00,23.8,89,28.2,0.0,0.0,1005.8,2.4,144,29,1
2026-01-09T07:00,23.4,89,27.7,0.0,0.0,1006.2,2.4,167,69,2
2026-01-09T08:00,23.8,94,28.7,0.0,0.0,1006.8,3.1,114,100,3
2026-01-09T09:00,25.4,81,29.8,0.0,0.0,1007.2,2.7,148,95,3
2026-01-09T10:00,27.0,73,31.2,0.0,0.0,1007.4,3.2,146,14,0
2026-01-09T11:00,29.0,66,34.2,0.0,0.0,1007.0,3.0,107,20,1
2026-01-09T12:00,30.8,57,36.5,0.0,0.0,1006.6,2.8,45,70,2
2026-01-09T13:00,31.5,53,37.6,0.0,0.0,1005.7,2.4,17,98,3
2026-01-09T14:00,31.6,50,37.5,0.1,0.1,1004.9,1.5,353,43,51
2026-01-09T15:00,32.0,50,37.2,0.1,0.1,1003.7,1.7,257,97,51
2026-01-09T16:00,32.0,50,36.0,0.3,0.3,1002.9,4.3,292,100,51
2026-01-09T17:00,29.8,63,33.5,2.2,2.2,1003.5,8.2,285,100,61
2026-01-09T18:00,26.8,78,31.6,6.1,6.1,1004.4,2.8,27,100,63
2026-01-09T19:00,26.3,81,31.2,0.2,0.2,1004.9,3.2,297,100,51
2026-01-09T20:00,25.0,91,30.0,0.0,0.0,1006.2,5.2,319,100,3
2026-01-09T21:00,24.9,89,29.8,0.0,0.0,1006.9,3.8,5,100,3
2026-01-09T22:00,24.6,92,30.0,0.0,0.0,1007.3,1.5,14,100,3
2026-01-09T23:00,24.4,93,29.8,0.0,0.0,1007.3,1.0,329,100,3
2026-01-10T00:00,24.4,92,29.8,0.0,0.0,1007.0,0.4,243,98,3
2026-01-10T01:00,23.8,94,29.0,0.0,0.0,1006.8,1.2,231,88,3
2026-01-10T02:00,24.7,96,30.8,0.0,0.0,1006.4,0.2,90,91,3
2026-01-10T03:00,24.0,95,29.2,0.2,0.2,1005.6,3.0,65,97,51
2026-01-10T04:00,23.5,96,28.4,0.0,0.0,1005.4,2.7,86,100,3
2026-01-10T05:00,23.3,96,28.1,0.0,0.0,1005.4,3.2,63,99,3
2026-01-10T06:00,23.0,96,27.6,0.0,0.0,1005.8,3.1,87,91,3
2026-01-10T07:00,22.6,96,27.5,0.0,0.0,1006.1,0.4,27,27,1
2026-01-10T08:00,24.3,90,29.3,0.0,0.0,1006.8,1.9,34,37,1
2026-01-10T09:00,25.3,87,30.6,0.0,0.0,1007.3,1.0,22,17,0
2026-01-10T10:00,26.8,79,32.1,0.0,0.0,1007.8,0.6,108,45,1
2026-01-10T11:00,28.1,70,33.1,0.0,0.0,1007.5,1.4,157,42,1
2026-01-10T12:00,29.5,61,35.4,0.0,0.0,1007.0,1.3,214,53,2
2026-01-10T13:00,30.3,58,36.2,0.2,0.2,1006.2,2.1,285,65,51
2026-01-10T14:00,30.5,57,36.2,0.3,0.3,1005.6,4.0,275,97,51
2026-01-10T15:00,30.8,56,35.9,0.0,0.0,1004.4,3.7,299,88,3
2026-01-10T16:00,31.5,53,36.3,0.0,0.0,1003.5,3.5,279,73,2
2026-01-10T17:00,29.4,64,32.9,0.1,0.1,1003.7,9.3,255,96,51
2026-01-10T18:00,28.4,72,32.7,0.0,0.0,1003.8,7.6,270,97,3
2026-01-10T19:00,27.8,76,32.8,0.0,0.0,1004.0,3.6,300,43,1
2026-01-10T20:00,27.5,81,33.0,0.0,0.0,1005.0,3.8,65,91,3
2026-01-10T21:00,26.4,87,32.1,0.0,0.0,1005.8,1.9,338,67,2
2026-01-10T22:00,25.1,88,29.7,0.3,0.3,1006.9,6.4,230,58,51
2026-01-10T23:00,24.7,92,30.1,0.1,0.1,1007.0,1.5,135,96,51
2026-01-11T00:00,24.2,94,29.4,0.0,0.0,1007.2,2.8,145,100,3
2026-01-11T01:00,24.1,93,29.1,0.0,0.0,1007.6,3.7,157,100,3
2026-01-11T02:00,24.4,93,29.7,0.0,0.0,1007.1,2.0,265,97,3
2026-01-11T03:00,24.0,96,29.0,0.1,0.1,1006.7,3.7,281,99,51
2026-01-11T04:00,24.0,95,29.2,0.0,0.0,1006.3,2.3,231,73,2
2026-01-11T05:00,23.5,98,28.8,0.0,0.0,1006.1,1.1,279,98,3
2026-01-11T06:00,23.1,97,28.4,0.0,0.0,1006.5,0.5,90,99,3
2026-01-11T07:00,22.9,97,27.9,0.1,0.1,1006.9,1.0,59,95,51
2026-01-11T08:00,23.6,94,28.4,0.1,0.1,1007.2,3.1,339,100,51
2026-01-11T09:00,25.4,87,30.5,0.0,0.0,1008.1,2.4,63,84,3
2026-01-11T10:00,27.3,77,32.4,0.2,0.2,1008.6,2.6,65,91,51
2026-01-11T11:00,29.1,66,34.3,0.0,0.0,1008.5,1.3,82,68,2
2026-01-11T12:00,30.0,63,36.1,0.0,0.0,1007.7,1.4,310,99,3
2026-01-11T13:00,30.3,61,36.5,0.2,0.2,1007.0,3.1,310,86,51
2026-01-11T14:00,31.2,56,36.9,0.2,0.2,1005.9,3.8,289,90,51
2026-01-11T15:00,31.5,55,36.9,0.0,0.0,1005.0,4.9,274,55,2
2026-01-11T16:00,31.5,55,36.4,0.0,0.0,1004.2,4.4,261,50,2
2026-01-11T17:00,30.1,60,33.9,0.1,0.1,1004.1,5.5,281,70,51
2026-01-11T18:00,29.8,64,34.1,0.0,0.0,1004.1,4.5,277,23,1
2026-01-11T19:00,28.3,73,33.1,0.2,0.2,1004.7,4.1,272,62,51
2026-01-11T20:00,25.0,87,29.4,0.5,0.5,1006.8,7.0,148,80,53
2026-01-11T21:00,24.2,86,28.1,0.3,0.3,1007.1,6.0,175,58,51
2026-01-11T22:00,24.2,86,28.2,0.1,0.1,1007.7,5.6,354,38,51
2026-01-11T23:00,24.2,87,28.8,0.0,0.0,1007.6,2.8,45,34,1
2026-01-12T00:00,24.1,90,28.9,0.0,0.0,1007.7,2.4,81,49,1
2026-01-12T01:00,24.0,93,28.9,0.1,0.1,1007.7,2.9,97,46,51
2026-01-12T02:00,23.9,94,28.8,0.0,0.0,1007.2,3.6,27,48,1
2026-01-12T03:00,23.6,94,28.8,0.1,0.1,1006.6,1.4,50,53,51
2026-01-12T04:00,23.5,95,28.6,0.0,0.0,1006.2,1.7,108,38,1
2026-01-12T05:00,23.0,96,27.8,0.0,0.0,1005.9,2.5,86,14,0
2026-01-12T06:00,22.8,96,27.2,0.0,0.0,1006.5,3.6,90,52,2
2026-01-12T07:00,22.5,93,26.4,0.0,0.0,1006.8,4.0,72,71,2
2026-01-12T08:00,22.9,83,26.1,0.0,0.0,1007.5,3.9,77,99,3
2026-01-12T09:00,24.3,80,28.1,0.0,0.0,1008.5,2.7,86,97,3
2026-01-12T10:00,27.1,70,31.1,0.0,0.0,1008.6,3.3,68,91,3
2026-01-12T11:00,29.4,58,33.5,0.0,0.0,1008.4,3.0,33,94,3
2026-01-12T12:00,30.8,54,35.9,0.0,0.0,1007.8,3.7,321,98,3
2026-01-12T13:00,31.5,51,36.3,0.0,0.0,1006.9,5.6,295,100,3
2026-01-12T14:00,31.9,49,36.3,0.0,0.0,1006.3,6.3,267,99,3
2026-01-12T15:00,31.8,49,35.8,0.0,0.0,1005.3,7.8,265,97,3
2026-01-12T16:00,31.4,50,34.5,0.0,0.0,1004.5,7.9,273,100,3
2026-01-12T17:00,31.0,52,33.8,0.0,0.0,1004.3,6.4,288,99,3
2026-01-12T18:00,30.5,54,33.7,0.0,0.0,1004.3,5.6,315,98,3
2026-01-12T19:00,29.0,65,33.0,0.0,0.0,1004.6,4.7,298,94,3
2026-01-12T20:00,27.4,79,33.1,0.0,0.0,1005.9,0.2,180,63,2
2026-01-12T21:00,26.5,83,31.9,0.2,0.2,1006.7,2.6,106,76,51
2026-01-12T22:00,25.9,85,31.1,0.2,0.2,1007.4,2.7,62,51,51
2026-01-12T23:00,25.2,89,30.4,0.0,0.0,1007.7,2.7,67,45,1
2026-01-13T00:00,24.6,92,29.9,0.0,0.0,1007.7,2.8,101,26,1
2026-01-13T01:00,24.0,94,29.3,0.0,0.0,1007.9,2.2,114,16,0
2026-01-13T02:00,23.9,95,29.3,0.0,0.0,1007.6,0.5,45,2,0
2026-01-13T03:00,23.4,96,28.3,0.0,0.0,1007.0,2.4,99,14,0
2026-01-13T04:00,22.8,96,27.3,0.0,0.0,1006.5,2.9,83,22,1
2026-01-13T05:00,22.5,94,26.7,0.0,0.0,1006.3,2.6,51,9,0
2026-01-13T06:00,22.5,92,26.5,0.0,0.0,1006.3,3.2,38,13,0
2026-01-13T07:00,22.5,90,26.3,0.0,0.0,1006.4,3.7,51,38,1
2026-01-13T08:00,23.5,87,27.4,0.0,0.0,1007.1,4.0,90,16,0
2026-01-13T09:00,25.1,82,29.5,0.0,0.0,1007.9,2.8,101,7,0
2026-01-13T10:00,27.5,72,32.1,0.0,0.0,1008.3,2.3,113,96,3
2026-01-13T11:00,29.4,60,34.0,0.0,0.0,1008.3,0.8,153,97,3
2026-01-13T12:00,30.4,56,35.3,0.0,0.0,1007.7,3.8,267,71,2
2026-01-13T13:00,30.7,54,34.8,0.0,0.0,1007.0,6.0,277,80,3
2026-01-13T14:00,31.2,52,35.8,0.1,0.1,1006.1,4.5,265,99,51
2026-01-13T15:00,31.1,54,35.3,0.0,0.0,1005.1,4.6,216,97,3
2026-01-13T16:00,31.2,54,35.6,0.0,0.0,1004.0,4.0,175,98,3
2026-01-13T17:00,30.6,57,34.9,0.0,0.0,1003.6,0.8,117,80,3
2026-01-13T18:00,30.2,58,34.5,0.0,0.0,1003.4,1.0,45,100,3
2026-01-13T19:00,29.6,62,34.2,0.0,0.0,1003.7,1.0,45,100,3
2026-01-13T20:00,28.5,73,33.6,0.0,0.0,1004.4,3.4,106,100,3
2026-01-13T21:00,27.4,76,32.1,0.0,0.0,1005.3,4.7,94,100,3
2026-01-13T22:00,26.2,82,31.2,0.0,0.0,1005.8,3.1,77,100,3
2026-01-13T23:00,25.5,86,30.8,0.0,0.0,1006.1,1.5,83,100,3
2026-01-14T00:00,25.0,86,29.7,0.0,0.0,1006.3,3.3,99,100,3
2026-01-14T01:00,24.7,87,29.7,0.0,0.0,1006.3,0.5,90,100,3
2026-01-14T02:00,24.5,88,28.6,0.0,0.0,1006.2,7.3,327,55,2
2026-01-14T03:00,24.2,90,29.1,0.0,0.0,1005.1,2.5,69,46,1
2026-01-14T04:00,24.0,91,28.7,0.0,0.0,1004.7,2.6,344,100,3
2026-01-14T05:00,23.7,93,28.6,0.0,0.0,1004.5,2.2,312,100,3
2026-01-14T06:00,23.4,95,28.4,0.0,0.0,1004.8,1.6,360,99,3
2026-01-14T07:00,23.2,95,28.2,0.0,0.0,1005.6,0.9,79,44,1
2026-01-14T08:00,23.9,90,28.3,0.0,0.0,1006.2,4.2,25,36,1
2026-01-14T09:00,25.8,82,31.0,0.0,0.0,1007.2,0.5,45,20,1
2026-01-14T10:00,28.0,70,32.6,0.0,0.0,1007.5,2.2,138,65,2
2026-01-14T11:00,29.8,61,34.4,0.0,0.0,1007.1,2.0,90,14,0
2026-01-14T12:00,31.1,54,36.6,0.0,0.0,1006.2,1.1,189,16,0
2026-01-14T13:00,32.2,50,37.9,0.0,0.0,1005.3,2.6,231,13,0
2026-01-14T14:00,32.2,47,37.6,0.1,0.1,1004.4,2.2,228,43,51
2026-01-14T15:00,32.8,46,37.6,0.1,0.1,1003.2,4.2,220,95,51
2026-01-14T16:00,32.6,47,36.3,0.1,0.1,1002.3,5.6,225,100,51
2026-01-14T17:00,31.6,50,34.4,0.0,0.0,1002.2,7.3,250,98,3
2026-01-14T18:00,30.2,58,33.4,0.0,0.0,1002.5,7.9,258,49,1
2026-01-14T19:00,29.1,66,33.6,0.0,0.0,1003.4,3.7,299,16,0
2026-01-14T20:00,27.7,78,33.2,0.0,0.0,1003.9,2.3,328,51,2
2026-01-14T21:00,27.2,81,32.7,0.0,0.0,1004.6,3.2,47,95,3
2026-01-14T22:00,26.7,86,32.6,0.0,0.0,1005.5,1.9,49,27,1
2026-01-14T23:00,26.0,90,32.0,0.0,0.0,1005.8,2.0,45,37,1
2026-01-15T00:00,25.4,92,31.2,0.1,0.1,1006.2,1.9,131,61,51
2026-01-15T01:00,25.0,93,30.9,0.0,0.0,1006.3,0.7,90,99,3
2026-01-15T02:00,24.6,92,29.0,0.0,0.0,1006.0,7.9,11,100,3
2026-01-15T03:00,24.3,92,29.4,0.3,0.3,1005.6,2.3,252,100,51
2026-01-15T04:00,23.9,94,29.0,0.4,0.4,1005.0,1.5,7,100,51
2026-01-15T05:00,23.7,93,28.8,0.3,0.3,1005.1,0.7,256,100,51
2026-01-15T06:00,23.6,92,28.3,0.1,0.1,1005.1,2.7,28,100,51
2026-01-15T07:00,23.2,96,28.2,0.0,0.0,1005.3,1.5,60,100,3
2026-01-15T08:00,22.9,98,27.6,0.0,0.0,1005.8,3.7,194,98,3
2026-01-15T09:00,24.2,94,29.5,0.1,0.1,1006.7,1.8,270,56,51
2026-01-15T10:00,27.0,81,32.6,0.0,0.0,1007.0,0.8,135,59,2
2026-01-15T11:00,29.1,68,34.6,0.0,0.0,1006.6,2.3,113,35,1
2026-01-15T12:00,30.5,61,36.3,0.2,0.2,1006.2,2.4,138,34,51
2026-01-15T13:00,31.2,58,37.6,0.3,0.3,1005.4,2.9,150,100,51
2026-01-15T14:00,31.6,57,37.1,0.1,0.1,1004.3,3.8,163,96,51
2026-01-15T15:00,32.2,55,38.5,0.0,0.0,1002.7,3.2,180,41,1
2026-01-15T16:00,31.9,56,36.8,0.0,0.0,1002.0,3.8,199,40,1
2026-01-15T17:00,31.5,56,35.7,0.0,0.0,1001.4,4.5,203,98,3
2026-01-15T18:00,30.7,58,34.4,0.0,0.0,1001.6,6.5,238,96,3
2026-01-15T19:00,29.7,63,33.9,0.0,0.0,1002.0,4.4,279,91,3
2026-01-15T20:00,28.4,71,32.8,0.0,0.0,1003.0,5.8,171,27,1
2026-01-15T21:00,27.8,77,33.1,0.0,0.0,1003.8,3.1,111,19,0
2026-01-15T22:00,27.2,82,32.7,0.0,0.0,1004.3,3.5,55,86,3
2026-01-15T23:00,26.5,85,32.1,0.0,0.0,1004.8,2.2,114,9,0
2026-01-16T00:00,25.6,88,30.8,0.0,0.0,1004.8,3.9,112,20,1
2026-01-16T01:00,25.0,88,29.8,0.0,0.0,1004.7,3.8,93,6,0
2026-01-16T02:00,25.0,89,30.2,0.0,0.0,1004.4,2.3,51,9,0
2026-01-16T03:00,24.7,88,29.5,0.0,0.0,1004.0,2.7,37,45,1
2026-01-16T04:00,24.4,89,29.3,0.0,0.0,1003.7,2.0,45,95,3
2026-01-16T05:00,24.2,90,29.3,0.0,0.0,1003.4,0.9,349,34,1
2026-01-16T06:00,24.0,90,28.9,0.0,0.0,1003.8,0.4,333,81,3
2026-01-16T07:00,23.8,90,28.7,0.1,0.1,1003.9,0.3,225,100,51
2026-01-16T08:00,24.3,91,29.4,0.0,0.0,1004.5,1.9,41,99,3
2026-01-16T09:00,26.0,84,31.3,0.0,0.0,1005.5,1.5,69,65,2
2026-01-16T10:00,28.2,71,33.3,0.0,0.0,1005.9,1.3,98,94,3
2026-01-16T11:00,30.2,60,35.4,0.0,0.0,1005.8,0.6,198,93,3
2026-01-16T12:00,31.5,53,37.1,0.0,0.0,1005.0,1.1,261,95,3
2026-01-16T13:00,32.6,48,38.0,0.0,0.0,1004.1,4.2,263,99,3
2026-01-16T14:00,33.2,45,37.8,0.1,0.1,1002.8,4.5,272,99,51
2026-01-16T15:00,33.7,44,38.2,0.0,0.0,1001.6,6.0,279,99,3
2026-01-16T16:00,33.7,44,37.3,0.0,0.0,1000.7,7.7,281,99,3
2026-01-16T17:00,32.8,47,35.4,0.0,0.0,1000.3,8.5,283,100,3
2026-01-16T18:00,31.4,55,34.6,0.0,0.0,1000.5,9.1,285,61,2
2026-01-16T19:00,30.0,62,33.8,0.0,0.0,1001.2,8.1,295,97,3
2026-01-16T20:00,29.4,71,34.3,0.0,0.0,1002.4,6.2,292,18,0
2026-01-16T21:00,28.1,78,33.8,0.3,0.3,1003.3,2.6,34,18,51
2026-01-16T22:00,27.0,84,32.5,0.2,0.2,1003.8,4.8,135,24,51
2026-01-16T23:00,26.5,82,31.3,0.0,0.0,1004.2,5.8,126,82,3
2026-01-17T00:00,24.8,88,29.0,0.0,0.0,1004.6,7.5,79,98,3
2026-01-17T01:00,24.5,86,28.8,0.0,0.0,1003.9,4.7,108,63,2
2026-01-17T02:00,24.3,89,29.2,0.1,0.1,1003.6,1.6,117,38,51
2026-01-17T03:00,24.3,90,29.5,0.0,0.0,1002.8,0.5,135,79,2
2026-01-17T04:00,24.0,90,28.5,0.3,0.3,1002.1,3.8,289,94,51
2026-01-17T05:00,24.0,91,29.1,0.1,0.1,1001.8,0.0,270,40,51
2026-01-17T06:00,23.9,93,29.1,0.1,0.1,1002.1,0.0,270,27,51
2026-01-17T07:00,23.7,94,28.8,0.0,0.0,1002.1,1.4,90,26,1
2026-01-17T08:00,24.3,95,29.6,0.0,0.0,1002.5,3.3,99,7,0
2026-01-17T09:00,26.0,88,31.4,0.0,0.0,1003.3,4.1,103,93,3
2026-01-17T10:00,28.3,73,33.4,0.0,0.0,1003.8,2.6,115,85,3
2026-01-17T11:00,30.1,61,35.3,0.0,0.0,1003.8,0.2,360,97,3
2026-01-17T12:00,31.5,53,37.2,0.0,0.0,1003.3,1.7,257,90,3
2026-01-17T13:00,32.8,48,38.5,0.0,0.0,1002.2,4.5,286,99,3
2026-01-17T14:00,33.1,44,37.7,0.0,0.0,1001.4,6.8,282,99,3
2026-01-17T15:00,33.5,43,37.3,0.0,0.0,1000.2,9.0,282,96,3
2026-01-17T16:00,32.9,44,35.6,0.1,0.1,999.4,10.2,288,100,51
2026-01-17T17:00,32.1,49,34.5,0.0,0.0,999.1,10.4,296,100,3
2026-01-17T18:00,30.8,58,34.1,0.1,0.1,999.6,10.0,296,80,51
2026-01-17T19:00,29.6,63,33.5,0.0,0.0,1000.4,6.9,298,49,1
2026-01-17T20:00,28.7,74,34.1,0.0,0.0,1001.0,2.7,28,95,3
2026-01-17T21:00,28.0,78,33.4,0.0,0.0,1001.5,3.4,43,100,3
2026-01-17T22:00,27.4,80,32.6,0.0,0.0,1002.0,4.6,48,99,3
2026-01-17T23:00,26.5,85,31.9,0.0,0.0,1002.3,2.7,58,100,3
2026-01-18T00:00,26.0,86,31.3,0.0,0.0,1002.6,2.7,98,100,3
2026-01-18T01:00,25.2,87,30.0,0.0,0.0,1002.5,4.3,107,100,3
2026-01-18T02:00,25.0,87,30.1,0.0,0.0,1002.1,2.1,110,100,3
2026-01-18T03:00,24.6,86,29.0,0.0,0.0,1001.4,4.5,76,100,3
2026-01-18T04:00,24.2,86,28.5,0.0,0.0,1001.0,3.2,74,99,3
2026-01-18T05:00,23.9,85,28.1,0.2,0.2,1001.2,2.0,45,98,51
2026-01-18T06:00,23.8,85,27.6,0.2,0.2,1001.1,3.6,63,99,51
2026-01-18T07:00,23.6,85,27.6,0.0,0.0,1001.3,3.4,96,99,3
2026-01-18T08:00,24.2,86,28.9,0.0,0.0,1001.8,0.6,214,100,3
2026-01-18T09:00,25.5,81,30.4,0.0,0.0,1002.3,0.6,162,100,3
2026-01-18T10:00,28.0,70,33.0,0.0,0.0,1002.6,0.0,270,100,3
2026-01-18T11:00,30.4,57,34.4,0.0,0.0,1002.6,2.7,302,100,3
2026-01-18T12:00,31.8,51,36.2,0.0,0.0,1002.2,4.9,298,100,3
2026-01-18T13:00,33.1,45,37.8,0.0,0.0,1001.5,5.6,292,99,3
2026-01-18T14:00,34.0,40,37.9,0.0,0.0,1000.5,6.1,268,77,2
2026-01-18T15:00,34.7,37,38.0,0.0,0.0,999.4,9.0,270,77,2
2026-01-18T16:00,34.2,39,36.9,0.0,0.0,998.8,9.2,274,61,2
2026-01-18T17:00,33.5,41,35.2,0.0,0.0,998.6,9.6,275,98,3
2026-01-18T18:00,32.6,44,34.6,0.0,0.0,999.0,8.0,280,100,3
2026-01-18T19:00,31.0,51,33.5,0.2,0.2,999.8,8.2,278,100,51
2026-01-18T20:00,29.5,61,33.7,0.1,0.1,1001.0,1.8,66,100,51
2026-01-18T21:00,29.0,63,32.7,0.0,0.0,1001.8,5.4,105,99,3
2026-01-18T22:00,28.1,69,32.3,0.0,0.0,1002.1,4.7,113,100,3
2026-01-18T23:00,27.4,74,32.1,0.0,0.0,1002.5,3.0,128,98,3
2026-01-19T00:00,26.6,78,31.3,0.0,0.0,1002.8,3.6,110,100,3
2026-01-19T01:00,26.0,78,30.5,0.0,0.0,1003.0,2.9,83,100,3
2026-01-19T02:00,25.9,81,30.3,0.0,0.0,1002.5,5.2,174,99,3
2026-01-19T03:00,25.5,80,29.4,0.0,0.0,1002.0,5.2,115,100,3
2026-01-19T04:00,24.8,81,28.7,0.0,0.0,1001.6,3.9,112,99,3
2026-01-19T05:00,24.3,81,28.1,0.0,0.0,1001.6,3.6,72,85,3
2026-01-19T06:00,24.1,81,28.0,0.0,0.0,1001.6,2.2,355,67,2
2026-01-19T07:00,23.9,82,27.8,0.0,0.0,1001.9,1.7,72,92,3
2026-01-19T08:00,24.4,82,28.5,0.0,0.0,1002.5,2.0,10,95,3
2026-01-19T09:00,26.4,73,30.9,0.0,0.0,1003.3,0.3,45,100,3
2026-01-19T10:00,28.9,62,33.1,0.0,0.0,1003.7,1.2,207,100,3
2026-01-19T11:00,31.1,51,34.8,0.0,0.0,1003.8,2.2,228,100,3
2026-01-19T12:00,32.7,45,36.6,0.0,0.0,1003.6,2.5,240,100,3
2026-01-19T13:00,33.8,40,38.0,0.1,0.1,1003.0,5.7,261,100,51
2026-01-19T14:00,31.5,48,35.2,0.3,0.3,1003.0,9.2,250,100,51
2026-01-19T15:00,28.8,66,32.6,2.4,2.4,1002.7,6.5,304,100,61
2026-01-19T16:00,29.7,60,33.9,0.3,0.3,1001.8,1.4,220,100,51
2026-01-19T17:00,30.0,58,33.2,0.1,0.1,1001.3,7.1,100,100,51
2026-01-19T18:00,29.6,59,32.8,0.0,0.0,1001.2,7.4,104,100,3
2026-01-19T19:00,29.0,62,32.7,0.0,0.0,1001.7,4.5,97,99,3
2026-01-19T20:00,27.8,78,33.2,0.0,0.0,1002.7,2.8,101,98,3
2026-01-19T21:00,27.0,83,32.5,0.0,0.0,1003.2,3.2,117,100,3
2026-01-19T22:00,26.0,90,31.6,0.0,0.0,1003.6,3.8,79,99,3
2026-01-19T23:00,25.0,94,30.6,0.0,0.0,1003.6,3.2,109,100,3
2026-01-20T00:00,24.6,94,29.8,0.0,0.0,1003.9,4.0,108,100,3
2026-01-20T01:00,24.1,91,28.5,0.0,0.0,1004.1,5.1,84,100,3
2026-01-20T02:00,24.3,89,28.6,0.0,0.0,1003.5,5.8,92,100,3
2026-01-20T03:00,24.0,88,28.4,0.0,0.0,1002.8,2.7,67,100,3
2026-01-20T04:00,23.5,89,27.7,0.0,0.0,1002.3,3.0,33,100,3
2026-01-20T05:00,23.2,90,27.5,0.0,0.0,1002.1,2.7,62,100,3
2026-01-20T06:00,23.0,91,27.6,0.0,0.0,1002.5,0.4,63,100,3
2026-01-20T07:00,22.9,92,27.3,0.0,0.0,1003.1,1.5,120,100,3
2026-01-20T08:00,23.4,91,27.9,0.0,0.0,1003.7,1.8,135,100,3
2026-01-20T09:00,24.9,85,29.8,0.0,0.0,1004.8,1.4,203,100,3
2026-01-20T10:00,26.9,76,31.8,0.0,0.0,1005.7,1.1,180,100,3
2026-01-20T11:00,27.8,69,32.3,0.0,0.0,1005.9,2.1,195,100,3
2026-01-20T12:00,28.7,64,32.6,0.0,0.0,1005.7,4.6,225,100,3
2026-01-20T13:00,28.8,65,32.9,0.0,0.0,1005.1,3.5,235,100,3
2026-01-20T14:00,28.2,66,31.9,0.0,0.0,1004.5,5.6,57,100,3
2026-01-20T15:00,29.4,61,33.2,0.0,0.0,1003.3,3.8,85,100,3
2026-01-20T16:00,29.4,60,33.0,0.0,0.0,1002.4,4.5,130,100,3
2026-01-20T17:00,29.6,59,33.3,0.0,0.0,1002.1,3.7,129,100,3
2026-01-20T18:00,29.8,58,33.6,0.0,0.0,1001.8,2.3,129,100,3
2026-01-20T19:00,29.0,65,33.5,0.0,0.0,1001.9,2.1,110,100,3
2026-01-20T20:00,28.7,64,32.2,0.0,0.0,1002.4,6.4,112,100,3
2026-01-20T21:00,27.5,74,31.7,0.0,0.0,1003.3,6.5,98,100,3
2026-01-20T22:00,26.4,79,30.7,0.0,0.0,1004.2,5.6,83,100,3
2026-01-20T23:00,25.5,82,29.7,0.0,0.0,1004.7,5.9,101,100,3
2026-01-21T00:00,25.1,81,29.3,0.0,0.0,1005.0,3.9,106,100,3
2026-01-21T01:00,24.9,80,28.6,0.0,0.0,1004.8,4.9,96,100,3
2026-01-21T02:00,24.5,82,28.5,0.0,0.0,1004.1,4.5,88,100,3
2026-01-21T03:00,24.4,80,28.0,0.0,0.0,1003.2,4.2,110,100,3
2026-01-21T04:00,24.1,80,27.6,0.0,0.0,1002.8,4.1,119,100,3
2026-01-21T05:00,23.8,81,27.3,0.0,0.0,1002.8,3.8,101,100,3
2026-01-21T06:00,23.8,81,26.9,0.0,0.0,1003.0,5.3,82,100,3
2026-01-21T07:00,23.3,84,26.9,0.0,0.0,1003.4,3.5,51,100,3
2026-01-21T08:00,23.5,80,26.8,0.0,0.0,1004.3,4.2,78,100,3
2026-01-21T09:00,25.6,72,29.5,0.0,0.0,1005.4,0.3,45,100,3
2026-01-21T10:00,28.4,61,32.1,0.0,0.0,1005.8,1.6,180,100,3
2026-01-21T11:00,30.5,51,33.7,0.0,0.0,1006.0,2.8,135,100,3
2026-01-21T12:00,30.9,49,33.6,0.0,0.0,1005.7,3.4,133,100,3
2026-01-21T13:00,31.4,47,34.0,0.0,0.0,1005.0,4.1,90,100,3
2026-01-21T14:00,31.4,47,33.5,0.0,0.0,1004.5,7.7,78,100,3
2026-01-21T15:00,31.9,45,34.1,0.3,0.3,1003.3,6.9,70,100,51
2026-01-21T16:00,32.2,45,34.7,0.1,0.1,1002.6,5.9,78,100,51
2026-01-21T17:00,32.1,44,34.4,0.0,0.0,1002.4,5.3,80,100,3
2026-01-21T18:00,30.8,48,33.5,0.2,0.2,1003.0,3.4,96,100,51
2026-01-21T19:00,28.3,61,31.0,0.1,0.1,1003.6,8.1,301,100,51
2026-01-21T20:00,27.9,66,31.6,0.0,0.0,1004.1,4.2,83,100,3
2026-01-21T21:00,27.5,69,31.5,0.0,0.0,1004.7,4.0,93,100,3
2026-01-21T22:00,27.0,74,31.4,0.0,0.0,1005.6,4.6,64,100,3
2026-01-21T23:00,26.8,77,31.2,0.0,0.0,1006.1,4.8,70,100,3
2026-01-22T00:00,26.5,72,30.0,0.0,0.0,1006.1,5.3,82,100,3
2026-01-22T01:00,25.8,73,29.5,0.0,0.0,1005.9,3.2,74,99,3
2026-01-22T02:00,25.1,77,29.0,0.0,0.0,1005.3,2.9,101,100,3
2026-01-22T03:00,24.4,82,28.5,0.0,0.0,1004.2,2.9,83,100,3
2026-01-22T04:00,24.1,81,28.1,0.0,0.0,1003.7,1.9,146,100,3
2026-01-22T05:00,23.9,82,27.7,0.0,0.0,1003.6,1.8,127,100,3
2026-01-22T06:00,23.6,80,27.4,0.0,0.0,1004.2,0.7,14,100,3
2026-01-22T07:00,23.2,82,26.9,0.0,0.0,1004.3,1.5,21,100,3
2026-01-22T08:00,23.8,79,27.1,0.0,0.0,1004.9,3.2,93,100,3
2026-01-22T09:00,25.5,69,28.8,0.0,0.0,1005.7,1.3,82,100,3
2026-01-22T10:00,28.0,57,31.1,0.0,0.0,1006.2,1.9,73,100,3
2026-01-22T11:00,30.5,48,33.9,0.0,0.0,1006.5,0.7,104,100,3
2026-01-22T12:00,32.4,42,36.8,0.0,0.0,1006.2,0.9,281,100,3
2026-01-22T13:00,34.0,37,38.3,0.0,0.0,1005.3,1.8,323,100,3
2026-01-22T14:00,32.8,39,35.0,0.0,0.0,1004.7,4.0,360,100,3
2026-01-22T15:00,33.9,37,36.6,0.0,0.0,1003.6,4.9,4,100,3
2026-01-22T16:00,33.9,36,35.6,0.0,0.0,1002.6,4.3,358,100,3
2026-01-22T17:00,33.7,36,35.4,0.0,0.0,1002.5,3.6,360,100,3
2026-01-22T18:00,33.3,36,34.5,0.0,0.0,1002.8,5.7,28,100,3
2026-01-22T19:00,31.5,43,33.0,0.0,0.0,1003.4,6.9,43,100,3
2026-01-22T20:00,30.0,47,32.5,0.0,0.0,1004.9,1.7,229,97,3
2026-01-22T21:00,29.1,52,31.9,0.0,0.0,1005.4,1.5,54,95,3
2026-01-22T22:00,27.9,59,30.6,0.0,0.0,1006.1,4.5,67,94,3
2026-01-22T23:00,26.7,66,29.4,0.0,0.0,1006.4,7.0,78,97,3
2026-01-23T00:00,26.1,66,28.7,0.0,0.0,1006.4,7.1,71,100,3
2026-01-23T01:00,25.8,69,28.9,0.0,0.0,1006.8,3.6,63,97,3
2026-01-23T02:00,25.5,72,29.1,0.0,0.0,1006.3,1.2,153,95,3
2026-01-23T03:00,25.4,71,28.6,0.0,0.0,1005.7,3.2,153,98,3
2026-01-23T04:00,25.0,73,28.5,0.0,0.0,1004.9,1.2,129,98,3
2026-01-23T05:00,24.6,74,28.3,0.0,0.0,1004.8,0.5,225,100,3
2026-01-23T06:00,24.4,76,28.0,0.0,0.0,1005.2,0.6,198,100,3
2026-01-23T07:00,23.9,78,27.4,0.0,0.0,1005.9,1.7,198,98,3
2026-01-23T08:00,23.8,77,26.8,0.0,0.0,1006.7,3.7,79,99,3
2026-01-23T09:00,25.8,65,28.7,0.0,0.0,1007.6,1.9,197,100,3
2026-01-23T10:00,28.6,52,31.2,0.0,0.0,1007.9,1.7,212,100,3
2026-01-23T11:00,31.0,44,33.5,0.0,0.0,1008.0,3.5,102,100,3
2026-01-23T12:00,32.9,36,36.0,0.0,0.0,1007.5,3.6,63,100,3
2026-01-23T13:00,34.6,31,38.0,0.0,0.0,1006.6,4.4,21,100,3
2026-01-23T14:00,34.3,32,37.3,0.0,0.0,1005.8,6.9,346,100,3
2026-01-23T15:00,35.5,28,36.6,0.0,0.0,1004.6,6.7,357,100,3
2026-01-23T16:00,35.5,26,35.8,0.2,0.2,1003.8,5.3,24,100,51
2026-01-23T17:00,34.8,28,35.2,0.0,0.0,1003.3,5.5,38,100,3
2026-01-23T18:00,32.9,33,33.5,0.1,0.1,1003.7,5.8,9,100,51
2026-01-23T19:00,31.9,38,33.4,0.0,0.0,1004.3,3.2,360,100,3
2026-01-23T20:00,30.7,42,32.4,0.0,0.0,1005.4,3.6,213,100,3
2026-01-23T21:00,29.9,51,32.5,0.0,0.0,1005.6,3.4,162,100,3
2026-01-23T22:00,28.6,55,31.0,0.0,0.0,1006.0,6.0,80,100,3
2026-01-23T23:00,27.5,58,29.5,0.0,0.0,1006.6,7.6,82,100,3
2026-01-24T00:00,26.9,61,28.6,0.0,0.0,1007.0,10.2,60,100,3
2026-01-24T01:00,26.3,65,28.7,0.0,0.0,1007.4,7.2,51,100,3
2026-01-24T02:00,26.3,67,29.5,0.0,0.0,1007.1,3.0,33,98,3
2026-01-24T03:00,25.9,69,29.1,0.0,0.0,1006.6,3.2,326,99,3
2026-01-24T04:00,25.6,69,28.9,0.0,0.0,1006.3,2.3,342,98,3
2026-01-24T05:00,25.0,72,28.6,0.0,0.0,1006.1,1.4,40,98,3
2026-01-24T06:00,24.7,74,28.3,0.0,0.0,1006.2,1.5,83,84,3
2026-01-24T07:00,24.3,76,27.8,0.0,0.0,1006.7,1.4,157,78,2
2026-01-24T08:00,24.6,72,27.7,0.0,0.0,1007.3,3.2,207,99,3
2026-01-24T09:00,26.4,63,29.3,0.0,0.0,1007.9,2.7,160,99,3
2026-01-24T10:00,28.9,53,31.9,0.0,0.0,1008.2,0.4,117,99,3
2026-01-24T11:00,31.4,44,34.0,0.0,0.0,1008.4,4.6,64,99,3
2026-01-24T12:00,33.5,35,36.2,0.0,0.0,1007.6,7.1,45,98,3
2026-01-24T13:00,35.0,31,37.7,0.0,0.0,1006.5,8.7,30,99,3
2026-01-24T14:00,35.6,27,37.0,0.0,0.0,1005.7,9.6,21,99,3
2026-01-24T15:00,36.1,26,36.7,0.0,0.0,1004.2,7.7,21,99,3
2026-01-24T16:00,35.8,26,35.6,0.0,0.0,1003.4,8.7,43,100,3
2026-01-24T17:00,34.4,36,34.7,0.0,0.0,1003.1,15.1,62,100,3
2026-01-24T18:00,33.3,38,34.8,0.1,0.1,1003.3,7.4,45,100,51
2026-01-24T19:00,32.2,40,34.2,0.0,0.0,1004.0,3.3,351,99,3
2026-01-24T20:00,30.5,54,33.4,0.0,0.0,1004.7,6.5,224,99,3
2026-01-24T21:00,29.1,62,32.9,0.0,0.0,1005.2,4.5,194,100,3
2026-01-24T22:00,28.4,62,31.6,0.0,0.0,1006.0,6.1,92,100,3
2026-01-24T23:00,27.9,58,29.6,0.0,0.0,1006.4,10.6,72,100,3
2026-01-25T00:00,27.1,63,29.5,0.0,0.0,1006.3,8.0,63,99,3
2026-01-25T01:00,26.6,65,29.4,0.0,0.0,1006.6,5.7,66,100,3
2026-01-25T02:00,26.5,67,29.9,0.0,0.0,1005.9,2.7,37,93,3
2026-01-25T03:00,26.3,66,29.6,0.0,0.0,1005.6,2.2,9,42,1
2026-01-25T04:00,25.9,69,29.1,0.0,0.0,1005.1,3.0,322,98,3
2026-01-25T05:00,25.5,72,29.3,0.0,0.0,1004.8,0.8,315,99,3
2026-01-25T06:00,25.0,75,28.9,0.0,0.0,1005.2,0.6,326,99,3
2026-01-25T07:00,24.8,76,28.6,0.0,0.0,1005.8,0.6,56,29,1
2026-01-25T08:00,24.8,71,27.6,0.0,0.0,1006.1,4.3,88,93,3
2026-01-25T09:00,26.8,61,29.6,0.0,0.0,1007.0,1.7,131,99,3
2026-01-25T10:00,29.5,50,31.8,0.0,0.0,1007.3,4.2,72,98,3
2026-01-25T11:00,31.9,42,33.7,0.0,0.0,1007.2,6.2,57,99,3
2026-01-25T12:00,33.5,36,36.1,0.0,0.0,1006.5,6.8,55,100,3
2026-01-25T13:00,34.8,32,37.6,0.0,0.0,1005.8,7.4,49,100,3
2026-01-25T14:00,34.3,34,36.7,0.0,0.0,1005.2,9.9,58,100,3
2026-01-25T15:00,35.3,31,37.6,0.0,0.0,1004.2,8.5,61,100,3
2026-01-25T16:00,35.3,31,36.8,0.0,0.0,1003.3,6.8,63,100,3
2026-01-25T17:00,34.7,32,35.1,0.0,0.0,1002.9,9.9,68,100,3
2026-01-25T18:00,32.5,41,33.1,0.1,0.1,1003.4,14.3,65,100,51
2026-01-25T19:00,30.7,48,31.9,0.1,0.1,1004.1,13.2,68,100,51
2026-01-25T20:00,29.6,53,31.4,0.0,0.0,1004.7,11.5,68,100,3
2026-01-25T21:00,28.5,58,30.9,0.0,0.0,1005.3,8.5,77,100,3
2026-01-25T22:00,28.0,61,30.4,0.0,0.0,1005.9,9.2,86,100,3
2026-01-25T23:00,27.1,65,29.5,0.0,0.0,1006.2,10.0,77,100,3
2026-01-26T00:00,26.5,67,28.9,0.0,0.0,1005.9,9.6,81,100,3
2026-01-26T01:00,26.4,65,28.5,0.0,0.0,1006.0,9.2,79,100,3
2026-01-26T02:00,26.1,66,28.6,0.0,0.0,1005.5,7.5,63,98,3
2026-01-26T03:00,25.9,65,28.0,0.0,0.0,1005.2,8.0,67,100,3
2026-01-26T04:00,25.6,66,27.9,0.0,0.0,1004.8,6.6,73,100,3
2026-01-26T05:00,25.2,69,27.7,0.0,0.0,1004.6,6.7,70,91,3
2026-01-26T06:00,25.0,70,27.5,0.0,0.0,1005.1,6.6,73,35,1
2026-01-26T07:00,24.9,71,27.5,0.0,0.0,1005.7,5.9,70,16,0
2026-01-26T08:00,25.0,69,27.8,0.0,0.0,1006.3,4.2,85,12,0
2026-01-26T09:00,27.2,59,29.6,0.0,0.0,1007.1,5.6,65,41,1
2026-01-26T10:00,30.0,50,31.9,0.0,0.0,1007.5,8.1,62,14,0
2026-01-26T11:00,32.0,42,33.4,0.0,0.0,1007.3,10.4,64,27,1
2026-01-26T12:00,33.7,36,36.1,0.0,0.0,1006.6,9.1,56,53,2
2026-01-26T13:00,34.2,35,36.5,0.0,0.0,1005.9,11.0,58,51,2
2026-01-26T14:00,32.5,41,35.0,0.3,0.3,1005.1,12.8,64,38,51
2026-01-26T15:00,34.0,38,36.9,0.1,0.1,1004.1,10.4,53,27,51
2026-01-26T16:00,34.3,37,36.6,0.0,0.0,1003.2,8.6,53,19,0
2026-01-26T17:00,33.9,37,35.5,0.0,0.0,1002.7,7.0,50,30,1
2026-01-26T18:00,32.7,41,33.8,0.2,0.2,1003.2,11.2,57,26,51
2026-01-26T19:00,31.0,46,32.1,0.0,0.0,1003.7,12.9,65,5,0
2026-01-26T20:00,30.6,50,32.6,0.0,0.0,1004.7,9.5,63,73,2
2026-01-26T21:00,29.8,52,31.9,0.0,0.0,1005.4,7.9,77,77,2
2026-01-26T22:00,28.6,58,31.1,0.0,0.0,1006.1,7.8,94,84,3
2026-01-26T23:00,27.6,60,29.8,0.0,0.0,1006.5,9.2,87,100,3
2026-01-27T00:00,26.7,63,29.1,0.0,0.0,1006.5,6.5,76,99,3
2026-01-27T01:00,26.2,64,28.8,0.0,0.0,1006.7,5.3,82,99,3
2026-01-27T02:00,26.0,65,28.6,0.0,0.0,1006.2,5.0,88,90,3
2026-01-27T03:00,25.9,65,28.7,0.0,0.0,1006.0,3.2,74,89,3
2026-01-27T04:00,25.5,68,28.7,0.0,0.0,1005.9,1.3,90,94,3
2026-01-27T05:00,25.2,68,28.3,0.0,0.0,1005.6,1.8,79,94,3
2026-01-27T06:00,25.1,67,28.2,0.0,0.0,1006.0,0.7,104,98,3
2026-01-27T07:00,24.9,68,28.0,0.0,0.0,1006.6,0.4,63,95,3
2026-01-27T08:00,25.5,64,28.2,0.0,0.0,1007.0,2.1,121,93,3
2026-01-27T09:00,27.0,60,29.5,0.0,0.0,1007.7,4.2,80,59,2
2026-01-27T10:00,29.8,51,32.2,0.0,0.0,1008.0,5.0,71,96,3
2026-01-27T11:00,31.9,43,34.3,0.0,0.0,1008.0,6.0,57,96,3
2026-01-27T12:00,33.7,39,36.8,0.0,0.0,1007.4,7.1,34,71,2
2026-01-27T13:00,34.2,38,37.8,0.2,0.2,1006.7,5.2,4,65,51
2026-01-27T14:00,34.6,35,37.8,0.1,0.1,1005.8,6.4,11,100,51
2026-01-27T15:00,35.5,34,39.2,0.0,0.0,1004.4,4.4,32,100,3
2026-01-27T16:00,35.7,33,38.9,0.0,0.0,1003.4,3.1,13,100,3
2026-01-27T17:00,35.2,34,37.0,0.0,0.0,1003.0,4.2,329,100,3
2026-01-27T18:00,34.2,37,36.3,0.3,0.3,1003.1,2.6,16,100,51
2026-01-27T19:00,32.6,40,34.5,0.0,0.0,1003.6,4.9,82,100,3
2026-01-27T20:00,30.5,54,33.6,0.0,0.0,1004.8,6.2,154,98,3
2026-01-27T21:00,30.0,55,33.2,0.1,0.1,1005.4,4.8,165,68,51
2026-01-27T22:00,29.6,57,33.0,0.0,0.0,1006.2,3.5,159,60,2
2026-01-27T23:00,28.7,61,31.8,0.0,0.0,1006.7,6.9,131,58,2
2026-01-28T00:00,27.6,61,30.0,0.0,0.0,1006.9,8.4,105,25,1
2026-01-28T01:00,26.7,64,29.3,0.0,0.0,1007.0,6.7,84,98,3
2026-01-28T02:00,26.8,67,29.7,0.0,0.0,1006.2,6.9,59,92,3
2026-01-28T03:00,26.1,70,29.2,0.0,0.0,1005.6,5.9,14,98,3
2026-01-28T04:00,25.8,73,29.2,0.0,0.0,1005.3,4.3,24,100,3
2026-01-28T05:00,25.4,74,28.9,0.1,0.1,1005.1,4.3,33,100,51
2026-01-28T06:00,25.2,76,29.1,0.1,0.1,1005.2,2.6,16,100,51
2026-01-28T07:00,25.4,75,28.8,0.1,0.1,1005.9,4.9,73,100,51
2026-01-28T08:00,25.8,71,29.5,0.0,0.0,1006.3,1.0,248,100,3
2026-01-28T09:00,26.8,66,30.4,0.0,0.0,1007.3,1.4,310,100,3
2026-01-28T10:00,27.8,61,31.0,0.0,0.0,1007.7,2.9,79,100,3
2026-01-28T11:00,29.5,52,32.0,0.0,0.0,1007.6,4.0,82,99,3
2026-01-28T12:00,31.6,44,34.5,0.0,0.0,1007.4,3.2,87,41,1
2026-01-28T13:00,33.7,39,37.7,0.0,0.0,1006.2,0.6,304,68,2
2026-01-28T14:00,31.4,47,34.8,0.1,0.1,1006.4,3.1,360,100,51
2026-01-28T15:00,31.8,48,34.5,0.0,0.0,1005.2,5.9,18,100,3
2026-01-28T16:00,31.7,48,34.7,0.4,0.4,1004.3,4.2,36,84,51
2026-01-28T17:00,31.6,49,35.1,0.5,0.5,1003.7,1.9,197,96,53
2026-01-28T18:00,31.6,49,34.7,0.3,0.3,1003.6,4.5,355,98,51
2026-01-28T19:00,29.7,56,32.4,0.4,0.4,1004.5,8.5,1,67,51
2026-01-28T20:00,28.6,63,32.1,0.1,0.1,1005.3,5.6,90,66,51
2026-01-28T21:00,28.1,68,32.3,0.0,0.0,1005.9,2.9,90,99,3
2026-01-28T22:00,27.5,72,31.9,0.0,0.0,1006.4,2.7,98,91,3
2026-01-28T23:00,26.9,73,31.1,0.0,0.0,1006.9,3.6,108,100,3
2026-01-29T00:00,26.5,72,30.4,0.0,0.0,1007.0,4.0,100,100,3
2026-01-29T01:00,26.2,72,30.0,0.0,0.0,1006.9,4.0,80,98,3
2026-01-29T02:00,26.1,73,29.8,0.0,0.0,1006.6,4.5,74,81,3
2026-01-29T03:00,25.8,73,29.3,0.0,0.0,1005.5,4.5,74,57,2
2026-01-29T04:00,25.3,80,29.7,0.0,0.0,1004.8,1.6,63,100,3
2026-01-29T05:00,25.2,78,29.6,0.0,0.0,1004.8,0.3,315,90,3
2026-01-29T06:00,25.0,79,29.2,0.0,0.0,1005.0,1.4,360,89,3
2026-01-29T07:00,24.6,80,28.7,0.0,0.0,1005.5,1.7,41,86,3
2026-01-29T08:00,25.2,76,28.8,0.0,0.0,1006.3,4.2,301,100,3
2026-01-29T09:00,26.5,69,30.0,0.0,0.0,1007.3,3.3,315,100,3
2026-01-29T10:00,28.4,61,32.1,0.0,0.0,1007.5,2.3,331,100,3
2026-01-29T11:00,30.0,55,33.4,0.0,0.0,1007.6,3.5,345,75,2
2026-01-29T12:00,31.8,48,35.2,0.1,0.1,1007.3,3.7,299,38,51
2026-01-29T13:00,32.7,45,36.4,0.4,0.4,1006.4,4.8,301,57,51
2026-01-29T14:00,31.4,50,35.7,1.0,1.0,1005.9,6.6,61,34,55
2026-01-29T15:00,32.1,49,36.2,0.1,0.1,1004.8,4.4,97,58,51
2026-01-29T16:00,32.2,48,35.6,0.7,0.7,1004.0,4.0,148,29,53
2026-01-29T17:00,32.0,48,35.3,0.2,0.2,1003.1,4.0,108,17,51
2026-01-29T18:00,31.8,50,34.7,0.0,0.0,1003.1,6.1,71,10,0
2026-01-29T19:00,30.7,53,33.6,0.0,0.0,1004.2,6.3,66,28,1
2026-01-29T20:00,28.9,60,31.9,0.2,0.2,1005.1,6.9,70,12,51
2026-01-29T21:00,28.4,62,31.6,0.0,0.0,1005.5,5.5,73,1,0
2026-01-29T22:00,27.5,66,31.1,0.0,0.0,1006.2,3.8,93,3,0
2026-01-29T23:00,27.0,67,30.6,0.0,0.0,1007.1,3.1,118,50,2
2026-01-30T00:00,26.6,68,30.0,0.0,0.0,1007.3,3.6,84,100,3
2026-01-30T01:00,26.1,71,29.9,0.0,0.0,1007.5,2.0,90,95,3
2026-01-30T02:00,25.8,72,29.5,0.0,0.0,1006.9,2.2,104,55,2
2026-01-30T03:00,25.3,75,29.1,0.0,0.0,1006.4,2.3,72,10,0
2026-01-30T04:00,24.9,78,28.8,0.0,0.0,1006.0,2.0,80,52,2
2026-01-30T05:00,24.6,78,28.3,0.0,0.0,1006.1,2.5,94,24,1
2026-01-30T06:00,24.4,79,28.1,0.0,0.0,1006.3,2.5,82,68,2
2026-01-30T07:00,24.0,82,27.9,0.0,0.0,1006.5,2.4,77,10,0
2026-01-30T08:00,25.4,75,29.0,0.0,0.0,1006.6,3.8,93,2,0
2026-01-30T09:00,27.5,65,31.0,0.0,0.0,1007.3,4.2,70,1,0
2026-01-30T10:00,30.4,54,33.7,0.0,0.0,1007.7,3.4,72,5,0
2026-01-30T11:00,32.7,44,36.2,0.0,0.0,1007.7,2.7,42,22,1
2026-01-30T12:00,34.5,39,38.6,0.0,0.0,1006.9,4.0,5,66,2
2026-01-30T13:00,35.6,36,40.2,0.0,0.0,1006.1,5.4,360,78,2
2026-01-30T14:00,34.9,36,39.1,0.1,0.1,1005.4,4.0,21,94,51
2026-01-30T15:00,36.2,34,40.8,0.0,0.0,1004.2,1.8,6,100,3
2026-01-30T16:00,36.8,32,40.2,0.0,0.0,1003.3,3.7,309,100,3
2026-01-30T17:00,32.6,46,34.4,0.5,0.5,1003.6,11.6,254,100,53
2026-01-30T18:00,30.5,56,34.4,1.2,1.2,1004.1,2.8,288,63,55
2026-01-30T19:00,29.8,61,33.4,0.1,0.1,1004.7,6.2,300,19,51
2026-01-30T20:00,28.8,66,33.3,0.0,0.0,1005.6,2.2,55,28,1
2026-01-30T21:00,28.4,72,33.5,0.0,0.0,1005.9,1.9,326,9,0
2026-01-30T22:00,27.5,77,32.4,0.0,0.0,1006.8,4.0,288,77,2
2026-01-30T23:00,26.7,81,32.1,0.1,0.1,1007.6,1.7,288,91,51
2026-01-31T00:00,26.2,84,31.5,0.1,0.1,1007.7,2.8,310,89,51
2026-01-31T01:00,25.8,87,31.3,0.1,0.1,1007.5,1.7,311,60,51
2026-01-31T02:00,26.3,84,31.7,0.0,0.0,1006.9,2.5,69,20,1
2026-01-31T03:00,25.9,88,31.5,0.0,0.0,1006.1,2.6,65,23,1
2026-01-31T04:00,25.6,90,31.1,0.0,0.0,1005.5,3.1,121,91,3
2026-01-31T05:00,25.2,90,31.0,0.0,0.0,1005.4,0.0,270,95,3
2026-01-31T06:00,24.8,92,30.3,0.1,0.1,1005.6,1.8,281,99,51
2026-01-31T07:00,24.6,90,29.6,0.1,0.1,1006.3,2.5,278,91,51
2026-01-31T08:00,24.4,88,28.8,0.0,0.0,1006.7,3.6,70,83,3
2026-01-31T09:00,26.2,78,30.9,0.0,0.0,1007.8,2.2,81,98,3
2026-01-31T10:00,28.9,64,33.3,0.0,0.0,1008.6,1.5,60,38,1
2026-01-31T11:00,30.9,56,35.6,0.0,0.0,1008.5,1.0,22,30,1
2026-01-31T12:00,32.2,51,37.7,0.1,0.1,1008.2,2.6,309,34,51
2026-01-31T13:00,32.8,50,38.4,0.1,0.1,1007.3,3.9,304,35,51
2026-01-31T14:00,34.0,43,38.0,0.0,0.0,1006.1,4.6,342,34,1
2026-01-31T15:00,32.5,46,36.4,0.8,0.8,1005.4,9.3,280,82,53
2026-01-31T16:00,31.9,53,35.7,0.7,0.7,1004.4,5.8,279,13,53
2026-01-31T17:00,32.1,50,35.8,0.3,0.3,1003.8,2.0,280,48,51
2026-01-31T18:00,31.2,52,34.3,0.2,0.2,1004.0,5.8,265,33,51
2026-01-31T19:00,29.5,63,33.4,0.0,0.0,1004.6,5.3,262,23,1
2026-01-31T20:00,28.2,68,33.0,0.1,0.1,1005.5,0.8,225,43,51
2026-01-31T21:00,28.4,70,33.1,0.0,0.0,1005.9,1.9,304,13,0
2026-01-31T22:00,27.8,72,32.6,0.0,0.0,1006.8,1.8,360,30,1
2026-01-31T23:00,27.5,73,32.3,0.0,0.0,1007.5,1.3,90,13,0
2026-02-01T00:00,27.0,76,31.9,0.1,0.1,1007.5,1.5,60,10,51
2026-02-01T01:00,26.1,83,31.3,0.0,0.0,1006.9,1.8,53,4,0
2026-02-01T02:00,25.9,85,31.3,0.0,0.0,1006.2,0.9,143,5,0
2026-02-01T03:00,25.3,83,30.1,0.0,0.0,1005.5,1.8,84,2,0
2026-02-01T04:00,25.0,81,29.3,0.0,0.0,1004.8,2.8,79,17,0
2026-02-01T05:00,24.8,81,29.0,0.0,0.0,1004.5,2.0,100,66,2
2026-02-01T06:00,24.5,81,28.6,0.0,0.0,1005.0,3.1,97,8,0
2026-02-01T07:00,24.1,84,28.1,0.0,0.0,1005.5,3.5,81,7,0
2026-02-01T08:00,24.9,81,28.5,0.0,0.0,1006.2,6.5,66,5,0
2026-02-01T09:00,26.9,69,30.6,0.0,0.0,1006.9,3.0,73,1,0
2026-02-01T10:00,29.9,55,33.3,0.0,0.0,1007.4,2.2,66,10,0
2026-02-01T11:00,32.2,44,35.1,0.0,0.0,1007.4,4.2,43,7,0
2026-02-01T12:00,34.1,37,37.6,0.0,0.0,1006.8,5.3,28,30,1
2026-02-01T13:00,35.2,34,38.7,0.0,0.0,1005.9,6.1,28,20,1
2026-02-01T14:00,35.6,32,38.9,0.0,0.0,1005.1,6.5,39,59,2
2026-02-01T15:00,36.6,30,40.4,0.1,0.1,1003.9,3.8,45,93,51
2026-02-01T16:00,36.5,30,40.0,0.0,0.0,1002.8,2.4,36,89,3
2026-02-01T17:00,35.3,33,36.7,0.0,0.0,1002.6,5.8,321,99,3
2026-02-01T18:00,33.1,43,35.5,0.6,0.6,1002.9,6.1,293,98,53
2026-02-01T19:00,31.6,50,34.9,0.6,0.6,1003.5,4.0,260,100,53
2026-02-01T20:00,31.5,50,34.8,1.4,1.4,1004.6,2.1,52,96,61
2026-02-01T21:00,30.4,52,33.0,0.0,0.0,1005.9,6.4,61,98,3
2026-02-01T22:00,29.3,56,32.1,0.0,0.0,1006.6,5.8,74,100,3
2026-02-01T23:00,28.6,60,31.9,0.0,0.0,1007.2,3.8,19,100,3
2026-02-02T00:00,27.9,63,31.1,0.0,0.0,1007.3,4.9,332,99,3
2026-02-02T01:00,27.3,73,32.0,0.0,0.0,1007.2,1.2,39,95,3
2026-02-02T02:00,27.3,70,31.6,0.0,0.0,1006.8,2.1,52,99,3
2026-02-02T03:00,26.9,67,29.9,0.0,0.0,1005.9,7.1,63,96,3
2026-02-02T04:00,26.3,69,29.4,0.0,0.0,1005.1,6.1,60,98,3
2026-02-02T05:00,25.8,71,29.3,0.0,0.0,1005.0,3.1,93,98,3
2026-02-02T06:00,25.5,73,28.9,0.0,0.0,1005.2,3.3,167,98,3
2026-02-02T07:00,25.2,74,28.7,0.0,0.0,1005.8,3.8,149,99,3
2026-02-02T08:00,25.9,68,29.0,0.0,0.0,1006.3,3.4,115,99,3
2026-02-02T09:00,27.6,57,30.2,0.0,0.0,1006.8,3.7,79,99,3
2026-02-02T10:00,29.9,49,32.0,0.0,0.0,1007.2,5.6,61,96,3
2026-02-02T11:00,32.0,41,33.6,0.0,0.0,1007.0,9.0,55,98,3
2026-02-02T12:00,33.7,36,36.1,0.0,0.0,1006.3,9.4,50,100,3
2026-02-02T13:00,35.3,32,37.8,0.0,0.0,1005.4,11.5,50,100,3
2026-02-02T14:00,34.4,34,36.6,0.0,0.0,1004.9,9.9,69,100,3
2026-02-02T15:00,33.3,40,33.8,0.0,0.0,1004.2,16.2,60,100,3
2026-02-02T16:00,33.5,38,34.5,0.0,0.0,1003.3,12.6,64,100,3
2026-02-02T17:00,33.7,37,34.6,0.0,0.0,1003.0,11.4,61,98,3
2026-02-02T18:00,32.5,42,33.4,0.2,0.2,1003.1,14.4,62,95,51
2026-02-02T19:00,31.3,45,32.6,0.0,0.0,1003.5,11.6,71,79,2
2026-02-02T20:00,30.6,48,32.2,0.0,0.0,1004.6,10.5,74,99,3
2026-02-02T21:00,30.1,50,32.1,0.0,0.0,1005.5,8.0,85,100,3
2026-02-02T22:00,29.2,54,31.6,0.0,0.0,1006.2,6.8,108,99,3
2026-02-02T23:00,28.3,57,30.6,0.0,0.0,1006.8,7.1,117,99,3
2026-02-03T00:00,27.6,57,29.6,0.0,0.0,1007.2,7.8,77,88,3
2026-02-03T01:00,27.0,57,28.6,0.0,0.0,1007.2,8.2,61,99,3
2026-02-03T02:00,26.5,61,28.3,0.0,0.0,1006.5,9.0,59,100,3
2026-02-03T03:00,26.1,63,28.8,0.0,0.0,1006.2,3.3,29,98,3
2026-02-03T04:00,25.6,66,28.7,0.0,0.0,1006.1,1.3,326,100,3
2026-02-03T05:00,25.4,67,28.3,0.0,0.0,1005.8,2.4,13,95,3
2026-02-03T06:00,24.7,71,27.8,0.0,0.0,1006.1,1.7,72,98,3
2026-02-03T07:00,24.4,72,27.6,0.0,0.0,1006.4,1.2,153,99,3
2026-02-03T08:00,24.7,69,27.7,0.0,0.0,1006.8,1.2,153,96,3
2026-02-03T09:00,26.9,58,29.4,0.0,0.0,1007.5,2.1,31,80,3
2026-02-03T10:00,29.7,47,31.9,0.0,0.0,1007.9,2.5,45,0,0
2026-02-03T11:00,32.3,37,34.4,0.0,0.0,1007.9,4.1,49,0,0
2026-02-03T12:00,34.1,31,36.7,0.0,0.0,1007.3,5.0,52,0,0
2026-02-03T13:00,36.0,27,38.4,0.0,0.0,1006.4,8.6,60,70,2
2026-02-03T14:00,35.3,29,37.3,0.0,0.0,1006.0,11.9,63,41,1
2026-02-03T15:00,35.7,29,36.9,0.0,0.0,1004.8,14.4,66,100,3
2026-02-03T16:00,34.9,31,34.8,0.0,0.0,1004.0,13.0,72,100,3
2026-02-03T17:00,35.0,30,34.8,0.0,0.0,1003.2,11.6,78,99,3
2026-02-03T18:00,33.3,35,33.0,0.0,0.0,1003.1,15.5,65,95,3
2026-02-03T19:00,31.3,42,31.4,0.0,0.0,1004.0,15.1,59,19,0
2026-02-03T20:00,30.4,45,31.5,0.0,0.0,1004.8,10.6,67,26,1
2026-02-03T21:00,29.7,49,31.6,0.0,0.0,1005.7,5.7,77,65,2
2026-02-03T22:00,29.1,53,32.2,0.0,0.0,1007.3,1.1,180,70,2
2026-02-03T23:00,28.6,55,31.8,0.0,0.0,1007.9,0.9,101,100,3
